height,pressure
0.0,100.0
1.0204081632653061,36.0447788597821
2.0408163265306123,12.992260830505947
3.0612244897959187,4.683031685241958
4.081632653061225,1.687988414878991
5.1020408163265305,0.6084316913218737
6.122448979591837,0.21930785764980126
7.142857142857143,0.07904903231199661
8.16326530612245,0.028493048887656885
9.183673469387756,0.010270256461965522
